{
    "Пол": {
        "среднее": 0.4977827050997783,
        "медиана": 0.0,
        "мода": 0.0
    },
    "Паспорт_год": {
        "среднее": 24.422604422604422,
        "медиана": 22.0,
        "мода": 24.0
    },
    "СНИЛС_число": {
        "среднее": 51796374420.67899,
        "медиана": 53462475190.0,
        "мода": 51712368568.0
    },
    "Симптомы_хэш": {
        "среднее": 2126543650.708,
        "медиана": 2263087449.0,
        "мода": 3132369833.0
    },
    "Врач_ID": {
        "среднее": 26.760157273918743,
        "медиана": 28.0,
        "мода": 44.0
    },
    "Дни_визита": {
        "среднее": 14.409511228533686,
        "медиана": 14.0,
        "мода": 4.0
    },
    "Анализы_хэш": {
        "среднее": 2343375844.5102043,
        "медиана": 1992270886.0,
        "мода": 3495449363.0
    },
    "Дни_анализов": {
        "среднее": 15.626769626769626,
        "медиана": 16.0,
        "мода": 26.0
    },
    "Стоимость_число": {
        "среднее": 2859.4444444444443,
        "медиана": 1650.0,
        "мода": 1400.0
    },
    "Карта_BIN": {
        "среднее": 356436.7821670429,
        "медиана": 415374.0,
        "мода": 220005.0
    }
}