{
    "Пол": {
        "среднее": 0.49894736842105264,
        "медиана": 0.0,
        "мода": 0.0
    },
    "Паспорт_год": {
        "среднее": 25.01423877327492,
        "медиана": 22.0,
        "мода": 24.0
    },
    "СНИЛС_число": {
        "среднее": 51305858445.40455,
        "медиана": 51799378149.0,
        "мода": 87603859755.0
    },
    "Симптомы_хэш": {
        "среднее": 2111529065.4047618,
        "медиана": 2239456072.0,
        "мода": 3132369833.0
    },
    "Врач_ID": {
        "среднее": 26.988425925925927,
        "медиана": 28.0,
        "мода": 44.0
    },
    "Дни_визита": {
        "среднее": 14.603211009174313,
        "медиана": 14.0,
        "мода": 4.0
    },
    "Анализы_хэш": {
        "среднее": 2321387703.4027305,
        "медиана": 1978079573.0,
        "мода": 3495449363.0
    },
    "Дни_анализов": {
        "среднее": 15.71123595505618,
        "медиана": 16.0,
        "мода": 19.0
    },
    "Стоимость_число": {
        "среднее": 2854.1299559471368,
        "медиана": 1650.0,
        "мода": 1400.0
    },
    "Карта_BIN": {
        "среднее": 355896.16561844863,
        "медиана": 415374.0,
        "мода": 220005.0
    }
}