{
    "Пол": {
        "среднее": 0.5303081935035372,
        "медиана": 1.0,
        "мода": 1.0
    },
    "Паспорт_год": {
        "среднее": 25.098904159182368,
        "медиана": 21.0,
        "мода": 25.0
    },
    "СНИЛС_число": {
        "среднее": 50327167504.7903,
        "медиана": 50465472073.5,
        "мода": 88574489089.0
    },
    "Симптомы_хэш": {
        "среднее": 2081974767.9029098,
        "медиана": 1836069671.0,
        "мода": 1518306750.0
    },
    "Врач_ID": {
        "среднее": 27.101474019691537,
        "медиана": 28.0,
        "мода": 44.0
    },
    "Дни_визита": {
        "среднее": 14.444556796171813,
        "медиана": 14.0,
        "мода": 7.0
    },
    "Анализы_хэш": {
        "среднее": 2263689902.5593543,
        "медиана": 1978079573.0,
        "мода": 3495449363.0
    },
    "Дни_анализов": {
        "среднее": 15.870696240133533,
        "медиана": 16.0,
        "мода": 27.0
    },
    "Стоимость_число": {
        "среднее": 2812.871431954641,
        "медиана": 1650.0,
        "мода": 1400.0
    },
    "Карта_BIN": {
        "среднее": 347577.63499064604,
        "медиана": 220014.0,
        "мода": 220006.0
    }
}