{
    "Пол": {
        "среднее": 0.5302796219744735,
        "медиана": 1.0,
        "мода": 1.0
    },
    "Паспорт_год": {
        "среднее": 25.108687744620173,
        "медиана": 21.0,
        "мода": 25.0
    },
    "СНИЛС_число": {
        "среднее": 50393790320.11775,
        "медиана": 50668270301.0,
        "мода": 73947312127.0
    },
    "Симптомы_хэш": {
        "среднее": 2085784199.1687799,
        "медиана": 1840438447.0,
        "мода": 1518306750.0
    },
    "Врач_ID": {
        "среднее": 27.109001320111748,
        "медиана": 28.0,
        "мода": 44.0
    },
    "Дни_визита": {
        "среднее": 14.435719760846236,
        "медиана": 14.0,
        "мода": 28.0
    },
    "Анализы_хэш": {
        "среднее": 2260700531.7779293,
        "медиана": 1978079573.0,
        "мода": 3495449363.0
    },
    "Дни_анализов": {
        "среднее": 15.861308366125408,
        "медиана": 16.0,
        "мода": 27.0
    },
    "Стоимость_число": {
        "среднее": 2816.376847506049,
        "медиана": 1650.0,
        "мода": 1400.0
    },
    "Карта_BIN": {
        "среднее": 347634.81680569286,
        "медиана": 220014.0,
        "мода": 220006.0
    }
}