{
    "Пол": {
        "среднее": 0.5304420738808404,
        "медиана": 1.0,
        "мода": 1.0
    },
    "Паспорт_год": {
        "среднее": 25.101458717920874,
        "медиана": 21.0,
        "мода": 25.0
    },
    "СНИЛС_число": {
        "среднее": 50317008212.10381,
        "медиана": 50525122333.0,
        "мода": 60931066877.0
    },
    "Симптомы_хэш": {
        "среднее": 2079347666.3317032,
        "медиана": 1825957264.0,
        "мода": 1549253427.0
    },
    "Врач_ID": {
        "среднее": 27.203820842118713,
        "медиана": 28.0,
        "мода": 44.0
    },
    "Дни_визита": {
        "среднее": 14.499775030531572,
        "медиана": 14.0,
        "мода": 28.0
    },
    "Анализы_хэш": {
        "среднее": 2264198812.6132364,
        "медиана": 1978079573.0,
        "мода": 3495449363.0
    },
    "Дни_анализов": {
        "среднее": 15.89523770874338,
        "медиана": 16.0,
        "мода": 27.0
    },
    "Стоимость_число": {
        "среднее": 2819.189901008083,
        "медиана": 1650.0,
        "мода": 1400.0
    },
    "Карта_BIN": {
        "среднее": 347803.5903983019,
        "медиана": 220014.0,
        "мода": 220006.0
    }
}