{
    "Пол": {
        "среднее": 0.4984488107549121,
        "медиана": 0.0,
        "мода": 0.0
    },
    "Паспорт_год": {
        "среднее": 25.104100946372238,
        "медиана": 22.0,
        "мода": 24.0
    },
    "СНИЛС_число": {
        "среднее": 51312966858.588234,
        "медиана": 53462475190.0,
        "мода": 29955620541.0
    },
    "Симптомы_хэш": {
        "среднее": 2116018489.9795918,
        "медиана": 2239456072.0,
        "мода": 3132369833.0
    },
    "Врач_ID": {
        "среднее": 26.649048625792812,
        "медиана": 26.5,
        "мода": 44.0
    },
    "Дни_визита": {
        "среднее": 14.652173913043478,
        "медиана": 14.0,
        "мода": 4.0
    },
    "Анализы_хэш": {
        "среднее": 2321053260.1830688,
        "медиана": 1978079573.0,
        "мода": 3495449363.0
    },
    "Дни_анализов": {
        "среднее": 15.743589743589743,
        "медиана": 16.0,
        "мода": 26.0
    },
    "Стоимость_число": {
        "среднее": 2877.0876826722338,
        "медиана": 1650.0,
        "мода": 1400.0
    },
    "Карта_BIN": {
        "среднее": 356661.7955239064,
        "медиана": 415374.0,
        "мода": 220005.0
    }
}