{
    "Пол": {
        "среднее": 0.5300224343465447,
        "медиана": 1.0,
        "мода": 1.0
    },
    "Паспорт_год": {
        "среднее": 25.152922067479334,
        "медиана": 21.0,
        "мода": 25.0
    },
    "СНИЛС_число": {
        "среднее": 50280130298.88319,
        "медиана": 50487391126.0,
        "мода": 77109324803.0
    },
    "Симптомы_хэш": {
        "среднее": 2080564483.638096,
        "медиана": 1828824047.0,
        "мода": 1549253427.0
    },
    "Врач_ID": {
        "среднее": 27.09872992622497,
        "медиана": 28.0,
        "мода": 44.0
    },
    "Дни_визита": {
        "среднее": 14.484818611987382,
        "медиана": 14.0,
        "мода": 28.0
    },
    "Анализы_хэш": {
        "среднее": 2258165516.9939847,
        "медиана": 1978079573.0,
        "мода": 3495449363.0
    },
    "Дни_анализов": {
        "среднее": 15.876380109203025,
        "медиана": 16.0,
        "мода": 27.0
    },
    "Стоимость_число": {
        "среднее": 2816.392966138643,
        "медиана": 1650.0,
        "мода": 1400.0
    },
    "Карта_BIN": {
        "среднее": 347296.2186670577,
        "медиана": 220014.0,
        "мода": 220006.0
    }
}