{
    "Пол": {
        "среднее": 0.5069284064665127,
        "медиана": 1.0,
        "мода": 1.0
    },
    "Паспорт_год": {
        "среднее": 25.46344827586207,
        "медиана": 22.0,
        "мода": 24.0
    },
    "СНИЛС_число": {
        "среднее": 49810493779.30826,
        "медиана": 49733484339.0,
        "мода": 29955620541.0
    },
    "Симптомы_хэш": {
        "среднее": 2078354397.5312,
        "медиана": 2180719272.0,
        "мода": 3132369833.0
    },
    "Врач_ID": {
        "среднее": 27.14353312302839,
        "медиана": 28.0,
        "мода": 44.0
    },
    "Дни_визита": {
        "среднее": 15.06973058637084,
        "медиана": 15.0,
        "мода": 25.0
    },
    "Анализы_хэш": {
        "среднее": 2263212685.5442176,
        "медиана": 1978079573.0,
        "мода": 3495449363.0
    },
    "Дни_анализов": {
        "среднее": 15.773993808049536,
        "медиана": 17.0,
        "мода": 26.0
    },
    "Стоимость_число": {
        "среднее": 2834.4945355191257,
        "медиана": 1650.0,
        "мода": 1400.0
    },
    "Карта_BIN": {
        "среднее": 355078.351039261,
        "медиана": 415374.0,
        "мода": 220005.0
    }
}