pair;value
Пол vs Выбор врача;0.5082983892488189
Пол vs Карта_BIN;0.009663276174683563
Выбор врача vs Карта_BIN;0.005924351818438727
