{
    "Пол": {
        "среднее": 0.5968,
        "медиана": 1.0,
        "мода": "1"
    },
    "Паспорт_год": {
        "среднее": 24.021626666666666,
        "медиана": 21.0,
        "мода": "21"
    },
    "СНИЛС_число": {
        "среднее": 50386854085.93152,
        "медиана": 50525122333.0,
        "мода": "50525122333"
    },
    "Симптомы_хэш": {
        "среднее": 1984860074.57156,
        "медиана": 1825957264.0,
        "мода": "1825957264"
    },
    "Врач_ID": {
        "среднее": 27.50156,
        "медиана": 28.0,
        "мода": "28"
    },
    "Дни_визита": {
        "среднее": 14.311013333333333,
        "медиана": 14.0,
        "мода": "14"
    },
    "Анализы_хэш": {
        "среднее": 2155271310.63088,
        "медиана": 1978079573.0,
        "мода": "1978079573"
    },
    "Дни_анализов": {
        "среднее": 15.93116,
        "медиана": 16.0,
        "мода": "16"
    },
    "Стоимость_число": {
        "среднее": 2508.2633333333333,
        "медиана": 1650.0,
        "мода": "1650"
    },
    "Карта_BIN": {
        "среднее": 329183.79514666664,
        "медиана": 220014.0,
        "мода": "220014"
    }
}