{
    "Пол": {
        "среднее": 0.5256933333333333,
        "медиана": 1.0,
        "мода": "1"
    },
    "Паспорт_год": {
        "среднее": 25.101426666666665,
        "медиана": 22.0,
        "мода": "25"
    },
    "СНИЛС_число": {
        "среднее": 50352687461.42101,
        "медиана": 50125788217.0,
        "мода": "73947312127"
    },
    "Симптомы_хэш": {
        "среднее": 2088083850.7499866,
        "медиана": 2054842471.0,
        "мода": "1518306750"
    },
    "Врач_ID": {
        "среднее": 26.88584,
        "медиана": 28.0,
        "мода": "44"
    },
    "Дни_визита": {
        "среднее": 14.454666666666666,
        "медиана": 15.0,
        "мода": "14"
    },
    "Анализы_хэш": {
        "среднее": 2281401878.01228,
        "медиана": 1999914362.0,
        "мода": "3495449363"
    },
    "Дни_анализов": {
        "среднее": 15.845906666666666,
        "медиана": 16.0,
        "мода": "16"
    },
    "Стоимость_число": {
        "среднее": 2851.3312266666667,
        "медиана": 1750.0,
        "мода": "1400"
    },
    "Карта_BIN": {
        "среднее": 347535.22188,
        "медиана": 346390.5,
        "мода": "220006"
    }
}