{
    "Пол": {
        "среднее": 0.5060533333333334,
        "медиана": 1.0,
        "мода": "1"
    },
    "Паспорт_год": {
        "среднее": 25.128146666666666,
        "медиана": 23.0,
        "мода": "25"
    },
    "СНИЛС_число": {
        "среднее": 50242949607.32351,
        "медиана": 50142967988.5,
        "мода": "77109324803"
    },
    "Симптомы_хэш": {
        "среднее": 2086005903.9077866,
        "медиана": 2071279107.0,
        "мода": "1549253427"
    },
    "Врач_ID": {
        "среднее": 26.242266666666666,
        "медиана": 27.0,
        "мода": "44"
    },
    "Дни_визита": {
        "среднее": 14.46972,
        "медиана": 15.0,
        "мода": "14"
    },
    "Анализы_хэш": {
        "среднее": 2295857312.8823733,
        "медиана": 2155709884.0,
        "мода": "3495449363"
    },
    "Дни_анализов": {
        "среднее": 15.876026666666666,
        "медиана": 16.0,
        "мода": "16"
    },
    "Стоимость_число": {
        "среднее": 2888.951253333333,
        "медиана": 1750.0,
        "мода": "1400"
    },
    "Карта_BIN": {
        "среднее": 347207.5632533333,
        "медиана": 347078.5,
        "мода": "220006"
    }
}