{
    "Пол": {
        "среднее": 0.54056,
        "медиана": 1.0,
        "мода": "1"
    },
    "Паспорт_год": {
        "среднее": 24.924946666666667,
        "медиана": 21.0,
        "мода": "21"
    },
    "СНИЛС_число": {
        "среднее": 50334938377.51896,
        "медиана": 50465472074.0,
        "мода": "50465472074"
    },
    "Симптомы_хэш": {
        "среднее": 2066279465.2512534,
        "медиана": 1836069671.0,
        "мода": "1836069671"
    },
    "Врач_ID": {
        "среднее": 27.157973333333334,
        "медиана": 28.0,
        "мода": "44"
    },
    "Дни_визита": {
        "среднее": 14.4162,
        "медиана": 14.0,
        "мода": "14"
    },
    "Анализы_хэш": {
        "среднее": 2245079533.4852667,
        "медиана": 1978079573.0,
        "мода": "3495449363"
    },
    "Дни_анализов": {
        "среднее": 15.87812,
        "медиана": 16.0,
        "мода": "16"
    },
    "Стоимость_число": {
        "среднее": 2762.992,
        "медиана": 1650.0,
        "мода": "1400"
    },
    "Карта_BIN": {
        "среднее": 344568.8340533333,
        "медиана": 220014.0,
        "мода": "220014"
    }
}