{
    "Пол": {
        "среднее": 0.5500266666666667,
        "медиана": 1.0,
        "мода": "1"
    },
    "Паспорт_год": {
        "среднее": 24.765146666666666,
        "медиана": 21.0,
        "мода": "21"
    },
    "СНИЛС_число": {
        "среднее": 50424627231.0366,
        "медиана": 50668270301.0,
        "мода": "50668270301"
    },
    "Симптомы_хэш": {
        "среднее": 2054589304.5996933,
        "медиана": 1840438447.0,
        "мода": "1840438447"
    },
    "Врач_ID": {
        "среднее": 27.226066666666668,
        "медиана": 28.0,
        "мода": "28"
    },
    "Дни_визита": {
        "среднее": 14.37896,
        "медиана": 14.0,
        "мода": "14"
    },
    "Анализы_хэш": {
        "среднее": 2223974880.2546,
        "медиана": 1978079573.0,
        "мода": "1978079573"
    },
    "Дни_анализов": {
        "среднее": 15.877346666666666,
        "медиана": 16.0,
        "мода": "16"
    },
    "Стоимость_число": {
        "среднее": 2716.9393333333333,
        "медиана": 1650.0,
        "мода": "1400"
    },
    "Карта_BIN": {
        "среднее": 342204.97645333334,
        "медиана": 220014.0,
        "мода": "220014"
    }
}