{
    "Пол": {
        "среднее": 0.50988,
        "медиана": 1.0,
        "мода": "1"
    },
    "Паспорт_год": {
        "среднее": 25.089706666666668,
        "медиана": 23.0,
        "мода": "25"
    },
    "СНИЛС_число": {
        "среднее": 50352596118.371666,
        "медиана": 50453765635.5,
        "мода": "60931066877"
    },
    "Симптомы_хэш": {
        "среднее": 2084427312.26968,
        "медиана": 2075148923.0,
        "мода": "1549253427"
    },
    "Врач_ID": {
        "среднее": 26.611573333333332,
        "медиана": 27.0,
        "мода": "44"
    },
    "Дни_визита": {
        "среднее": 14.530786666666666,
        "медиана": 15.0,
        "мода": "15"
    },
    "Анализы_хэш": {
        "среднее": 2317382986.14536,
        "медиана": 2202926034.0,
        "мода": "3495449363"
    },
    "Дни_анализов": {
        "среднее": 15.88148,
        "медиана": 16.0,
        "мода": "16"
    },
    "Стоимость_число": {
        "среднее": 2906.53928,
        "медиана": 1897.0,
        "мода": "1400"
    },
    "Карта_BIN": {
        "среднее": 346416.98894666665,
        "медиана": 345720.5,
        "мода": "220006"
    }
}