{
    "Пол": {
        "среднее": 0.5255333333333333,
        "медиана": 1.0,
        "мода": "1"
    },
    "Паспорт_год": {
        "среднее": 25.092786666666665,
        "медиана": 22.0,
        "мода": "25"
    },
    "СНИЛС_число": {
        "среднее": 50321433968.32913,
        "медиана": 50202627186.0,
        "мода": "88574489089"
    },
    "Симптомы_хэш": {
        "среднее": 2082952408.4997466,
        "медиана": 2025719895.5,
        "мода": "1518306750"
    },
    "Врач_ID": {
        "среднее": 26.970253333333332,
        "медиана": 28.0,
        "мода": "44"
    },
    "Дни_визита": {
        "среднее": 14.458866666666667,
        "медиана": 14.0,
        "мода": "28"
    },
    "Анализы_хэш": {
        "среднее": 2277644597.31276,
        "медиана": 1978079573.0,
        "мода": "3495449363"
    },
    "Дни_анализов": {
        "среднее": 15.870346666666666,
        "медиана": 16.0,
        "мода": "16"
    },
    "Стоимость_число": {
        "среднее": 2836.2706933333334,
        "медиана": 1750.0,
        "мода": "1400"
    },
    "Карта_BIN": {
        "среднее": 347579.0280666667,
        "медиана": 346977.0,
        "мода": "220006"
    }
}