{
    "Пол": {
        "среднее": 0.57264,
        "медиана": 1.0,
        "мода": "1"
    },
    "Паспорт_год": {
        "среднее": 24.44316,
        "медиана": 21.0,
        "мода": "21"
    },
    "СНИЛС_число": {
        "среднее": 50327490779.618225,
        "медиана": 50487391126.0,
        "мода": "50487391126"
    },
    "Симптомы_хэш": {
        "среднее": 2016051801.07564,
        "медиана": 1828824047.0,
        "мода": "1828824047"
    },
    "Врач_ID": {
        "среднее": 27.32728,
        "медиана": 28.0,
        "мода": "28"
    },
    "Дни_визита": {
        "среднее": 14.360653333333333,
        "медиана": 14.0,
        "мода": "14"
    },
    "Анализы_хэш": {
        "среднее": 2187296304.205,
        "медиана": 1978079573.0,
        "мода": "1978079573"
    },
    "Дни_анализов": {
        "среднее": 15.904306666666667,
        "медиана": 16.0,
        "мода": "16"
    },
    "Стоимость_число": {
        "среднее": 2613.114,
        "медиана": 1650.0,
        "мода": "1650"
    },
    "Карта_BIN": {
        "среднее": 335747.47869333334,
        "медиана": 220014.0,
        "мода": "220014"
    }
}